{"credit;5F;50B": {"acc_avg": 71.96666666666667, "time_avg": 338.7686414999997, "memory_avg": 4310220.8, "fscr_avg": 0.42105263157894735, "acc_measures": [0.86, 0.78, 0.72, 0.6, 0.76, 0.72, 0.7, 0.8, 0.74, 0.7, 0.6, 0.56, 0.6, 0.8, 0.72, 0.68, 0.7, 0.74, 0.68, 0.9333333333333333], "features": [[4, 10, 13, 9, 1], [3, 10, 1, 17, 6], [3, 10, 4, 2, 18], [3, 19, 4, 2, 18], [4, 3, 17, 8, 0], [3, 2, 17, 1, 19], [19, 2, 3, 15, 4], [3, 19, 12, 0, 2], [3, 22, 2, 0, 4], [3, 2, 19, 0, 22], [2, 3, 18, 1, 12], [2, 3, 18, 17, 13], [3, 2, 0, 18, 12], [3, 2, 18, 0, 1], [2, 3, 0, 12, 9], [0, 1, 18, 2, 4], [3, 2, 1, 18, 12], [2, 3, 0, 18, 12], [2, 3, 18, 4, 6], [3, 2, 18, 1, 5]], "fscr_measures": [0.6, 0.6, 0.2, 0.6, 0.6, 0.4, 0.4, 0.4, 0.2, 0.6, 0.4, 0.4, 0.2, 0.4, 0.6, 0.4, 0.2, 0.4, 0.4]}, "credit;5F;100B": {"acc_avg": 71.63076923076923, "time_avg": 942.8648633000001, "memory_avg": 177356.8, "fscr_avg": 0.2222222222222222, "acc_measures": [0.83, 0.68, 0.74, 0.75, 0.72, 0.58, 0.7, 0.72, 0.72, 0.7230769230769231], "features": [[2, 18, 13, 3, 4], [2, 18, 4, 3, 0], [3, 2, 13, 4, 18], [2, 3, 18, 0, 13], [2, 3, 18, 0, 4], [2, 3, 18, 4, 13], [2, 3, 13, 0, 4], [15, 18, 3, 2, 4], [18, 3, 0, 15, 2], [3, 18, 2, 15, 16]], "fscr_measures": [0.2, 0.2, 0.2, 0.2, 0.2, 0.2, 0.4, 0.2, 0.2]}, "credit;5F;200B": {"acc_avg": 71.24545454545455, "time_avg": 1526.290309400001, "memory_avg": 1160806.4, "fscr_avg": 0.44999999999999996, "acc_measures": [0.74, 0.75, 0.65, 0.695, 0.7272727272727273], "features": [[3, 10, 18, 5, 0], [3, 2, 0, 18, 13], [2, 18, 13, 5, 17], [2, 3, 16, 18, 0], [0, 2, 3, 13, 5]], "fscr_measures": [0.4, 0.4, 0.6, 0.4]}, "credit;10F;50B": {"acc_avg": 72.7, "time_avg": 2067.8227231500023, "memory_avg": 269926.4, "fscr_avg": 0.2736842105263158, "acc_measures": [0.86, 0.78, 0.76, 0.6, 0.74, 0.76, 0.7, 0.82, 0.74, 0.7, 0.6, 0.54, 0.6, 0.8, 0.72, 0.72, 0.68, 0.74, 0.68, 1.0], "features": [[0, 2, 5, 3, 18, 17, 4, 13, 15, 10], [2, 16, 18, 3, 0, 4, 13, 1, 19, 6], [2, 0, 3, 5, 18, 13, 7, 4, 20, 1], [18, 2, 13, 1, 0, 5, 16, 15, 4, 7], [2, 18, 16, 0, 4, 5, 22, 11, 3, 15], [18, 2, 4, 3, 16, 15, 20, 13, 5, 7], [2, 3, 18, 5, 0, 1, 4, 13, 7, 16], [2, 1, 4, 3, 0, 18, 5, 20, 7, 11], [2, 18, 3, 5, 0, 4, 12, 7, 10, 13], [3, 13, 2, 18, 0, 5, 15, 4, 20, 7], [2, 13, 18, 0, 3, 15, 4, 1, 16, 12], [2, 3, 15, 0, 5, 1, 4, 13, 12, 16], [15, 1, 3, 2, 18, 12, 0, 13, 5, 9], [18, 4, 5, 3, 2, 16, 15, 0, 10, 1], [3, 2, 18, 13, 16, 5, 0, 11, 1, 19], [2, 5, 3, 15, 4, 16, 18, 0, 17, 6], [0, 7, 18, 13, 15, 2, 6, 4, 12, 19], [3, 2, 18, 4, 13, 1, 0, 11, 19, 12], [2, 4, 20, 0, 3, 1, 16, 18, 13, 5], [3, 4, 2, 18, 16, 5, 0, 11, 15, 1]], "fscr_measures": [0.4, 0.3, 0.2, 0.3, 0.3, 0.2, 0.2, 0.3, 0.2, 0.3, 0.1, 0.2, 0.3, 0.3, 0.4, 0.4, 0.3, 0.3, 0.2]}, "credit;10F;100B": {"acc_avg": 71.53076923076924, "time_avg": 2674.5547170999985, "memory_avg": 275660.8, "fscr_avg": 0.3222222222222222, "acc_measures": [0.86, 0.68, 0.75, 0.74, 0.72, 0.58, 0.68, 0.7, 0.72, 0.7230769230769231], "features": [[18, 2, 3, 15, 4, 5, 0, 1, 8, 7], [3, 18, 2, 13, 16, 7, 4, 8, 0, 22], [15, 2, 1, 4, 20, 3, 18, 16, 14, 5], [18, 2, 4, 0, 3, 5, 1, 13, 12, 19], [3, 2, 18, 0, 15, 4, 1, 10, 13, 17], [16, 2, 3, 1, 4, 0, 18, 15, 12, 22], [3, 0, 13, 18, 1, 2, 5, 4, 15, 20], [2, 3, 18, 0, 4, 13, 20, 7, 19, 1], [3, 2, 18, 0, 15, 7, 13, 4, 20, 16], [3, 4, 2, 18, 1, 0, 9, 5, 21, 15]], "fscr_measures": [0.3, 0.5, 0.4, 0.3, 0.3, 0.3, 0.2, 0.2, 0.4]}, "credit;10F;200B": {"acc_avg": 71.62424242424244, "time_avg": 3321.5532921999993, "memory_avg": 137625.6, "fscr_avg": 0.3, "acc_measures": [0.75, 0.745, 0.655, 0.71, 0.7212121212121212], "features": [[3, 13, 18, 0, 4, 2, 1, 20, 14, 10], [4, 2, 10, 3, 0, 5, 18, 1, 17, 15], [2, 3, 1, 13, 16, 18, 5, 0, 4, 19], [2, 3, 0, 18, 4, 6, 1, 5, 14, 15], [3, 0, 18, 13, 5, 7, 15, 14, 2, 20]], "fscr_measures": [0.3, 0.3, 0.3, 0.3]}, "credit;20F;50B": {"acc_avg": 72.36666666666666, "time_avg": 3807.193362149998, "memory_avg": 352256.0, "fscr_avg": 0.13157894736842107, "acc_measures": [0.86, 0.8, 0.76, 0.6, 0.74, 0.74, 0.68, 0.8, 0.74, 0.7, 0.58, 0.58, 0.64, 0.76, 0.72, 0.72, 0.68, 0.74, 0.7, 0.9333333333333333], "features": [[3, 0, 2, 16, 13, 4, 18, 1, 7, 15, 20, 6, 14, 11, 10, 12, 19, 8, 9, 22], [3, 5, 2, 18, 0, 16, 15, 20, 1, 4, 13, 6, 8, 7, 10, 14, 9, 11, 21, 12], [2, 3, 5, 4, 18, 0, 20, 22, 11, 16, 13, 12, 15, 10, 1, 8, 17, 9, 14, 7], [2, 5, 0, 16, 4, 13, 7, 3, 1, 18, 6, 21, 14, 15, 8, 11, 20, 19, 22, 12], [0, 2, 18, 1, 3, 16, 13, 15, 14, 4, 5, 20, 10, 6, 7, 11, 8, 17, 21, 9], [2, 18, 3, 15, 16, 4, 0, 13, 1, 14, 10, 22, 5, 11, 12, 21, 19, 7, 20, 8], [2, 0, 18, 3, 1, 4, 16, 10, 15, 7, 5, 12, 13, 9, 14, 8, 19, 22, 6, 17], [2, 0, 4, 3, 1, 16, 11, 13, 18, 17, 5, 20, 7, 15, 8, 19, 22, 14, 6, 21], [18, 5, 3, 0, 2, 4, 1, 12, 10, 13, 20, 6, 21, 14, 9, 15, 11, 16, 22, 8], [2, 3, 0, 13, 8, 5, 20, 1, 14, 6, 9, 11, 16, 4, 22, 15, 18, 7, 17, 19], [18, 16, 5, 0, 3, 4, 20, 12, 2, 1, 13, 6, 17, 21, 15, 11, 7, 14, 8, 19], [3, 2, 16, 4, 21, 18, 1, 5, 22, 20, 15, 13, 12, 0, 14, 8, 17, 10, 7, 9], [2, 3, 0, 4, 13, 7, 22, 10, 18, 1, 20, 5, 15, 21, 9, 12, 14, 11, 19, 17], [3, 1, 2, 18, 13, 0, 5, 4, 7, 15, 16, 22, 6, 14, 19, 21, 20, 10, 17, 8], [3, 15, 0, 5, 18, 2, 16, 4, 1, 11, 12, 14, 21, 13, 9, 7, 6, 20, 22, 8], [18, 13, 2, 3, 0, 16, 4, 15, 7, 1, 20, 14, 21, 10, 6, 12, 22, 17, 8, 19], [3, 16, 18, 13, 5, 15, 2, 1, 0, 14, 6, 11, 8, 9, 12, 20, 4, 22, 7, 17], [3, 18, 0, 2, 4, 13, 19, 16, 15, 1, 5, 11, 14, 12, 20, 9, 17, 8, 7, 10], [4, 0, 3, 2, 18, 1, 5, 15, 16, 12, 6, 11, 19, 9, 20, 21, 14, 13, 17, 8], [2, 18, 0, 3, 1, 13, 10, 5, 15, 14, 7, 16, 20, 6, 8, 4, 11, 17, 19, 21]], "fscr_measures": [0.1, 0.1, 0.15, 0.15, 0.15, 0.15, 0.15, 0.15, 0.15, 0.1, 0.15, 0.1, 0.15, 0.15, 0.15, 0.15, 0.1, 0.1, 0.1]}, "credit;20F;100B": {"acc_avg": 71.38461538461539, "time_avg": 4461.681291899995, "memory_avg": 95846.4, "fscr_avg": 0.10555555555555557, "acc_measures": [0.83, 0.66, 0.75, 0.75, 0.72, 0.58, 0.68, 0.72, 0.71, 0.7384615384615385], "features": [[18, 1, 2, 3, 15, 13, 14, 5, 0, 4, 16, 20, 6, 19, 11, 17, 9, 10, 21, 12], [2, 3, 16, 18, 19, 4, 1, 0, 5, 7, 15, 13, 8, 21, 10, 14, 6, 22, 11, 17], [3, 0, 1, 18, 7, 13, 16, 11, 2, 20, 10, 8, 5, 4, 6, 14, 12, 17, 22, 15], [16, 0, 5, 15, 2, 14, 4, 18, 10, 3, 1, 17, 13, 20, 12, 21, 22, 8, 7, 11], [0, 3, 10, 4, 15, 13, 16, 2, 5, 18, 7, 1, 21, 14, 11, 6, 20, 9, 19, 17], [2, 0, 3, 1, 18, 13, 16, 22, 4, 14, 11, 15, 6, 10, 7, 5, 8, 12, 19, 21], [3, 0, 2, 18, 16, 15, 14, 1, 4, 13, 22, 19, 6, 7, 20, 5, 8, 10, 11, 17], [0, 2, 3, 5, 15, 18, 16, 4, 20, 13, 1, 11, 17, 21, 14, 7, 19, 8, 9, 6], [2, 16, 15, 4, 20, 11, 0, 3, 1, 17, 18, 7, 21, 14, 8, 5, 13, 10, 6, 19], [2, 3, 4, 0, 1, 18, 5, 17, 11, 20, 8, 13, 19, 22, 12, 16, 10, 21, 7, 14]], "fscr_measures": [0.15, 0.1, 0.05, 0.15, 0.15, 0.1, 0.1, 0.05, 0.1]}, "credit;20F;200B": {"acc_avg": 72.10303030303031, "time_avg": 5007.226812999977, "memory_avg": -14770995.2, "fscr_avg": 0.1, "acc_measures": [0.785, 0.75, 0.64, 0.715, 0.7151515151515152], "features": [[0, 2, 4, 18, 3, 9, 15, 5, 14, 12, 1, 13, 17, 7, 8, 22, 10, 19, 20, 6], [2, 3, 0, 1, 13, 5, 4, 11, 21, 14, 18, 15, 20, 6, 19, 7, 12, 10, 22, 17], [2, 4, 3, 13, 18, 5, 15, 1, 6, 16, 14, 12, 11, 10, 20, 0, 17, 22, 9, 19], [2, 3, 5, 16, 4, 18, 15, 10, 0, 6, 20, 1, 13, 9, 8, 7, 14, 11, 12, 22], [4, 0, 16, 3, 2, 15, 5, 13, 14, 1, 10, 6, 18, 20, 9, 7, 8, 22, 21, 17]], "fscr_measures": [0.1, 0.1, 0.1, 0.1]}}