{"credit;5F;50B": {"time_measures": [1.9260037199999829, 2.007582324000026, 1.9317811939999956, 2.0343368730000293, 2.0952082800000085, 2.095908424000015, 2.1262803850000296, 2.0975945270000125, 1.9737985749999893, 1.9815500219999649, 2.0034159010000394, 2.011317967000025, 2.023897940999973, 2.0302074630000106, 2.0180526120000195, 2.134567478000008, 2.0823645950000014, 2.0530181759999664, 2.053342545000021, 2.0746779180000203], "memory_measures": [8192, 16384, 24576, 36864, 45056, 53248, 61440, 73728, 81920, 90112, 98304, 110592, 118784, 126976, 135168, 147456, 155648, 163840, 172032, 176128], "acc_measures": [1.0, 1.0, 1.0, 1.0, 1.0, 1.0, 1.0, 1.0, 1.0, 0.98, 1.0, 1.0, 1.0, 1.0, 0.98, 1.0, 1.0, 1.0, 1.0, 1.0], "features": [[22, 21, 15, 16, 19], [21, 22, 16, 20, 14], [22, 21, 16, 15, 18], [22, 21, 16, 15, 0], [22, 21, 16, 18, 15], [22, 21, 15, 16, 14], [21, 22, 16, 15, 14], [22, 21, 15, 16, 4], [22, 21, 16, 15, 12], [22, 21, 19, 16, 18], [22, 21, 15, 16, 9], [22, 21, 15, 16, 14], [22, 21, 15, 16, 14], [16, 21, 22, 15, 3], [22, 21, 14, 19, 17], [22, 21, 16, 15, 12], [21, 22, 15, 16, 14], [22, 21, 16, 14, 15], [22, 21, 15, 7, 14], [22, 21, 16, 15, 3]], "mfcr_measures": [0.17391304347826086, 0.17391304347826086, 0.14492753623188406, 0.13043478260869568, 0.12173913043478263, 0.10144927536231885, 0.09937888198757765, 0.09782608695652176, 0.10628019323671499, 0.11304347826086958, 0.1106719367588933, 0.10144927536231885, 0.10033444816053512, 0.11180124223602483, 0.1217391304347826, 0.11956521739130434, 0.11253196930946291, 0.11111111111111109, 0.11441647597254002], "time_avg": 2037.745346000007, "memory_avg": 94822.4, "acc_avg": 99.8}, "credit;5F;100B": {"time_measures": [2.1020837770000185, 2.1142864340000074, 2.1670861359999662, 2.2802873980000413, 2.194423110999992, 2.238943945000017, 2.252448705000006, 2.246934943000042, 2.297533458000032, 2.295356431000016], "memory_measures": [20480, 36864, -65536, 73728, 90112, 110592, 126976, 147456, 163840, 159744], "acc_measures": [0.98, 0.99, 1.0, 1.0, 1.0, 0.99, 1.0, 1.0, 1.0, 1.0], "features": [[22, 21, 16, 14, 11], [21, 22, 16, 15, 2], [22, 21, 16, 18, 15], [22, 21, 15, 16, 19], [22, 21, 15, 16, 14], [22, 21, 16, 15, 20], [22, 21, 16, 15, 7], [22, 16, 21, 15, 3], [22, 21, 15, 20, 14], [22, 21, 16, 15, 14]], "mfcr_measures": [0.17391304347826086, 0.13043478260869565, 0.11594202898550725, 0.10869565217391304, 0.10434782608695652, 0.10144927536231883, 0.09937888198757762, 0.10869565217391303, 0.10628019323671496], "time_avg": 2218.9384338000136, "memory_avg": 86425.6, "acc_avg": 99.60000000000001}, "credit;5F;200B": {"time_measures": [2.4240965719999963, 2.4188156769999978, 2.4566527559999827, 2.477502861000005, 2.525351692000015], "memory_measures": [65536, 114688, 159744, 200704, 299008], "acc_measures": [1.0, 1.0, 1.0, 0.99, 1.0], "features": [[22, 21, 15, 16, 14], [22, 21, 16, 15, 1], [21, 22, 16, 15, 17], [22, 21, 16, 15, 10], [22, 21, 16, 19, 0]], "mfcr_measures": [0.08695652173913043, 0.08695652173913043, 0.08695652173913043, 0.10869565217391304], "time_avg": 2460.4839115999994, "memory_avg": 167936.0, "acc_avg": 99.8}, "credit;10F;50B": {"time_measures": [2.5783313140000246, 2.6210899630000313, 2.579939280000019, 2.537518879000004, 2.5780845659999727, 2.5815950539999903, 2.570429761000014, 2.692980155999976, 2.627438552000001, 2.6491219409999758, 2.671056189000012, 2.6851372070000252, 2.690380062000031, 2.78257289000004, 2.711543741000014, 2.6823304620000386, 2.7095358390000115, 2.733020479000004, 2.7192967310000427, 2.866882672000031], "memory_measures": [8192, 16384, 24576, 36864, 45056, 53248, 61440, 73728, 81920, 90112, 98304, 110592, 118784, 126976, 135168, 147456, 155648, 163840, 172032, 176128], "acc_measures": [0.92, 0.96, 0.96, 1.0, 1.0, 0.98, 1.0, 1.0, 0.98, 0.98, 1.0, 0.98, 0.98, 1.0, 0.96, 1.0, 1.0, 1.0, 1.0, 0.9333333333333333], "features": [[22, 21, 15, 16, 17, 3, 5, 13, 9, 12], [22, 21, 16, 15, 10, 19, 18, 13, 14, 8], [22, 15, 21, 16, 3, 10, 12, 6, 18, 13], [21, 22, 16, 15, 13, 10, 2, 12, 7, 3], [16, 22, 21, 15, 14, 10, 7, 8, 19, 3], [22, 21, 15, 16, 6, 8, 7, 11, 0, 14], [22, 21, 16, 15, 0, 18, 2, 8, 10, 7], [22, 21, 15, 19, 8, 16, 3, 10, 6, 12], [22, 21, 16, 15, 10, 11, 20, 17, 2, 1], [22, 21, 10, 16, 18, 15, 14, 1, 0, 7], [22, 21, 15, 16, 18, 14, 2, 20, 4, 6], [22, 21, 14, 18, 16, 1, 13, 15, 17, 9], [22, 21, 16, 15, 14, 12, 5, 19, 8, 7], [22, 21, 16, 14, 19, 15, 20, 18, 11, 0], [22, 21, 16, 15, 6, 14, 20, 2, 4, 8], [21, 22, 16, 15, 8, 17, 18, 14, 7, 20], [22, 21, 16, 18, 15, 14, 20, 9, 19, 10], [22, 21, 15, 16, 20, 9, 14, 11, 7, 5], [22, 21, 15, 14, 16, 12, 8, 10, 1, 19], [22, 21, 16, 15, 4, 13, 17, 2, 9, 7]], "mfcr_measures": [0.43478260869565216, 0.34782608695652173, 0.2898550724637681, 0.28260869565217395, 0.2782608695652174, 0.2753623188405797, 0.2857142857142857, 0.30434782608695654, 0.3091787439613527, 0.31304347826086965, 0.316205533596838, 0.3260869565217392, 0.3277591973244147, 0.32919254658385094, 0.3246376811594203, 0.3206521739130435, 0.3171355498721228, 0.32367149758454106, 0.33409610983981697], "time_avg": 2663.414286900013, "memory_avg": 94822.4, "acc_avg": 98.16666666666667}, "credit;10F;100B": {"time_measures": [2.782899315999998, 2.8118822979999436, 2.8238495180000314, 2.8395282210000232, 2.892029769999965, 2.9355656720000525, 2.907015011999988, 2.9435993370000233, 2.926648859000011, 2.913655585000015], "memory_measures": [20480, 36864, 57344, 73728, -24576, 110592, 131072, 212992, 229376, 241664], "acc_measures": [0.94, 0.96, 0.99, 1.0, 0.97, 0.99, 0.98, 0.98, 1.0, 0.9692307692307692], "features": [[22, 21, 16, 15, 14, 1, 3, 8, 19, 18], [21, 22, 15, 16, 13, 18, 6, 0, 7, 19], [22, 21, 16, 15, 18, 4, 1, 2, 20, 13], [22, 21, 16, 15, 14, 1, 13, 3, 20, 2], [22, 21, 15, 16, 10, 17, 20, 19, 14, 18], [21, 22, 16, 14, 7, 19, 18, 1, 20, 2], [22, 21, 16, 15, 19, 14, 0, 10, 3, 4], [22, 21, 16, 15, 20, 6, 10, 17, 8, 13], [21, 22, 16, 15, 10, 2, 20, 14, 0, 6], [22, 21, 15, 8, 10, 6, 17, 19, 9, 5]], "mfcr_measures": [0.34782608695652173, 0.34782608695652173, 0.2898550724637681, 0.30434782608695654, 0.2956521739130435, 0.31884057971014496, 0.33540372670807456, 0.32608695652173914, 0.33816425120772947], "time_avg": 2877.667358800005, "memory_avg": 108953.6, "acc_avg": 97.79230769230767}, "credit;10F;200B": {"time_measures": [3.0916967640000053, 3.043088673999989, 3.0971395880000046, 3.0916463870000257, 3.1389513469999883], "memory_measures": [36864, 73728, 110592, 147456, 180224], "acc_measures": [0.96, 0.99, 0.995, 0.98, 1.0], "features": [[22, 21, 15, 16, 10, 9, 11, 12, 1, 20], [22, 21, 15, 16, 19, 3, 17, 7, 18, 9], [22, 15, 21, 16, 2, 18, 14, 0, 3, 6], [22, 21, 15, 16, 20, 10, 8, 17, 3, 2], [22, 21, 15, 16, 10, 9, 14, 11, 6, 13]], "mfcr_measures": [0.43478260869565216, 0.3913043478260869, 0.37681159420289856, 0.391304347826087], "time_avg": 3092.5045520000026, "memory_avg": 109772.8, "acc_avg": 98.5}, "credit;20F;50B": {"time_measures": [3.459214810999981, 3.515519346000019, 3.218686546000015, 3.3312015440000096, 3.381150806999983, 3.4589228270000376, 3.417564464999998, 3.4068494860000555, 3.3611566050000192, 3.4654616170000168, 3.4908261599999832, 3.4564615269999877, 3.456438908999985, 3.424135640999964, 3.399158182000008, 3.353598442999953, 3.3766764650000027, 3.3424048769999786, 3.3368309690000046, 3.5354061090000073], "memory_measures": [8192, 16384, 24576, 36864, 45056, 53248, 61440, 73728, 81920, -28672, 98304, 110592, 118784, 196608, 204800, 217088, 225280, 233472, 241664, 245760], "acc_measures": [0.92, 0.96, 0.9, 1.0, 0.9, 0.94, 0.94, 0.94, 0.98, 0.92, 0.96, 0.96, 0.94, 0.94, 0.92, 0.98, 1.0, 1.0, 0.94, 0.9333333333333333],