{"credit;5F;50B": {"time_measures": [4.082152290000067, 4.087004977000106, 3.908091443999865, 4.283098769999924, 3.9538573199999973, 4.001281541000026, 3.95926313200016, 4.1999307050000425, 4.15286375300002, 4.070739222999691, 4.1859581539997635, 4.463117007999699, 4.334915082999942, 4.3385186149998844, 4.352879793000284, 4.291010088999883, 4.506869842000015, 4.266983633000109, 4.368022334000216, 4.212136446999921], "memory_measures": [53248, 69632, 81920, 23953408, 23961600, 23969792, 23982080, 23990272, 23998464, 24006656, 24018944, 2555904, 139264, 147456, 155648, 24064000, 176128, 184320, 192512, 196608], "acc_measures": [0.8, 0.82, 0.76, 0.58, 0.76, 0.62, 0.6, 0.76, 0.66, 0.64, 0.56, 0.64, 0.6, 0.74, 0.64, 0.66, 0.54, 0.62, 0.66, 0.8666666666666667], "features": [[17, 5, 22, 18, 21], [17, 16, 5, 0, 7], [13, 15, 7, 21, 6], [5, 15, 6, 21, 7], [15, 13, 5, 9, 6], [15, 13, 10, 5, 3], [15, 8, 7, 13, 0], [1, 7, 5, 6, 21], [22, 21, 8, 11, 0], [3, 5, 6, 8, 22], [8, 5, 10, 11, 1], [5, 3, 10, 11, 21], [22, 9, 6, 1, 11], [6, 12, 10, 11, 7], [6, 5, 3, 2, 21], [6, 7, 5, 10, 1], [6, 10, 7, 3, 11], [10, 7, 22, 3, 6], [2, 12, 7, 5, 1], [2, 10, 12, 1, 9]], "mfcr_measures": [0.2608695652173913, 0.30434782608695654, 0.2318840579710145, 0.21739130434782608, 0.20869565217391303, 0.21739130434782608, 0.2360248447204969, 0.25, 0.25120772946859904, 0.2521739130434783, 0.24505928853754944, 0.2536231884057971, 0.25418060200668896, 0.2608695652173913, 0.2608695652173913, 0.2554347826086957, 0.24552429667519185, 0.25120772946859904, 0.24713958810068654], "time_avg": 4200.934707649981, "memory_avg": 10994892.8, "acc_avg": 67.63333333333333}, "credit;5F;100B": {"time_measures": [4.216044298999805, 4.372842636999849, 4.855763131999993, 4.340751158999865, 4.561991021000267, 4.625843951000206, 4.558017883000048, 4.493513129999883, 4.4698449709999295, 4.537052630000289], "memory_measures": [20480, 36864, 24576, 40960, 40960, 57344, 77824, 24043520, 24064000, 24076288], "acc_measures": [0.83, 0.64, 0.75, 0.63, 0.75, 0.53, 0.71, 0.71, 0.68, 0.7538461538461538], "features": [[7, 5, 11, 6, 0], [7, 10, 11, 6, 12], [6, 3, 10, 11, 1], [10, 2, 7, 13, 16], [21, 10, 22, 0, 13], [1, 22, 5, 0, 21], [11, 10, 7, 5, 2], [22, 13, 11, 6, 5], [1, 22, 15, 7, 5], [11, 5, 6, 3, 7]], "mfcr_measures": [0.17391304347826086, 0.17391304347826086, 0.2318840579710145, 0.2391304347826087, 0.22608695652173913, 0.24637681159420288, 0.24844720496894407, 0.24999999999999997, 0.25120772946859904], "time_avg": 4503.166481300013, "memory_avg": 7248281.6, "acc_avg": 69.83846153846154}, "credit;5F;200B": {"time_measures": [4.698506255999746, 4.4896448590002365, 4.7013315070003046, 4.780262209999819, 5.403808331000164], "memory_measures": [32768, 69632, 106496, -23719936, -23687168], "acc_measures": [0.73, 0.725, 0.65, 0.7, 0.6787878787878788], "features": [[7, 11, 10, 13, 5], [7, 22, 10, 21, 5], [5, 11, 16, 13, 15], [7, 13, 14, 10, 5], [22, 5, 6, 3, 11]], "mfcr_measures": [0.17391304347826086, 0.2608695652173913, 0.2608695652173913, 0.2826086956521739], "time_avg": 4814.710632600054, "memory_avg": -9439641.6, "acc_avg": 69.67575757575757}, "credit;10F;50B": {"time_measures": [5.058354589999908, 4.686535438000192, 4.791326232999836, 4.836546695999914, 4.875974778, 4.868498864999765, 5.051569567000115, 5.415422907999982, 5.2789302910000515, 4.877227018999747, 5.2064597290000165, 4.889093483000124, 4.810123198999918, 5.023903595999855, 5.045875884999987, 4.819583368000167, 4.816559691999828, 4.813162296999963, 4.817932734999886, 4.792390843000248], "memory_measures": [8192, 0, 23842816, 23851008, 23859200, 23867392, 1114112, -20480, -49152, -40960, -32768, -24576, -36864, 23924736, 23937024, 23945216, 23826432, 23961600, 23973888, 23973888], "acc_measures": [0.8, 0.8, 0.76, 0.58, 0.76, 0.7, 0.64, 0.76, 0.72, 0.6, 0.6, 0.52, 0.62, 0.76, 0.7, 0.66, 0.7, 0.68, 0.6, 0.6666666666666666], "features": [[16, 6, 5, 10, 21, 11, 22, 7, 13, 0], [7, 10, 11, 6, 3, 21, 22, 16, 0, 2], [21, 16, 15, 6, 5, 8, 0, 7, 22, 1], [22, 21, 6, 13, 10, 5, 2, 7, 9, 0], [22, 10, 5, 21, 13, 7, 2, 11, 9, 3], [10, 6, 5, 0, 12, 3, 2, 22, 7, 21], [22, 5, 21, 13, 7, 0, 14, 11, 1, 2], [22, 21, 10, 5, 7, 14, 3, 13, 1, 11], [10, 22, 21, 11, 7, 1, 5, 6, 2, 0], [22, 10, 7, 21, 11, 13, 5, 2, 0, 3], [7, 22, 21, 1, 8, 3, 13, 0, 14, 10], [22, 5, 10, 7, 21, 13, 11, 6, 2, 16], [10, 0, 12, 7, 2, 6, 14, 1, 9, 11], [13, 1, 5, 16, 8, 6, 0, 7, 11, 2], [13, 1, 7, 6, 2, 5, 10, 16, 0, 8], [13, 5, 21, 7, 22, 16, 15, 0, 1, 6], [22, 7, 3, 21, 5, 6, 10, 11, 0, 1], [11, 5, 10, 13, 21, 22, 6, 2, 3, 1], [22, 21, 5, 15, 11, 1, 3, 7, 8, 6], [22, 21, 13, 14, 7, 0, 15, 5, 6, 11]], "mfcr_measures": [0.17391304347826086, 0.2608695652173913, 0.2898550724637681, 0.26086956521739135, 0.26086956521739135, 0.27536231884057977, 0.26086956521739135, 0.26086956521739135, 0.25120772946859904, 0.2521739130434783, 0.2687747035573123, 0.282608695652174, 0.2876254180602007, 0.2732919254658386, 0.2724637681159421, 0.27173913043478265, 0.2659846547314578, 0.26570048309178745, 0.26544622425629294], "time_avg": 4938.773560599975, "memory_avg": 13194035.2, "acc_avg": 68.13333333333333}, "credit;10F;100B": {"time_measures": [4.845240922000357, 4.809954587999982, 4.947678369000187, 5.304479379999975, 4.918946246999894, 4.902426548999756, 5.222249466999983, 5.34272461899991, 5.1095643170001495, 5.035795764000341], "memory_measures": [20480, 36864, 57344, 73728, 94208, 110592, 131072, 327680, 348160, 536576], "acc_measures": [0.84, 0.66, 0.73, 0.66, 0.63, 0.57, 0.64, 0.66, 0.63, 0.676923076923077], "features": [[5, 10, 7, 22, 21, 3, 15, 6, 13, 2], [16, 5, 22, 10, 13, 21, 3, 7, 9, 0], [6, 7, 11, 22, 10, 13, 21, 3, 16, 2], [10, 21, 2, 16, 11, 5, 3, 22, 13, 17], [6, 22, 7, 5, 21, 3, 2, 1, 14, 10], [16, 7, 10, 13, 5, 3, 0, 21, 17, 11], [11, 15, 21, 5, 14, 1, 6, 10, 22, 3], [10, 7, 5, 22, 2, 11, 21, 14, 6, 3], [5, 22, 10, 15, 13, 21, 14, 1, 8, 11], [11, 5, 22, 21, 6, 10, 15, 3, 2, 1]], "mfcr_measures": [0.2608695652173913, 0.2608695652173913, 0.2318840579710145, 0.2608695652173913, 0.29565217391304344, 0.3188405797101449, 0.29813664596273287, 0.30434782608695643, 0.29951690821256033], "time_avg": 5043.9060222000535, "memory_avg": 173670.4, "acc_avg": 66.96923076923078}, "credit;10F;200B": {"time_measures": [5.2068750859998545, 5.1609405990002415, 5.267221640999651, 5.493901241999993, 5.206114283000261], "memory_measures": [36864, 77824, 114688, 147456, 184320], "acc_measures": [0.775, 0.695, 0.635, 0.675, 0.6727272727272727], "features": [[10, 5, 3, 22, 7, 21, 15, 14, 1, 13], [10, 5, 6, 11, 21, 7, 22, 9, 0, 1], [10, 21, 6, 7, 5, 22, 3, 16, 0, 17], [11, 5, 21, 22, 7, 6, 0, 13, 10, 16], [7, 10, 5, 13, 11, 21, 6, 3, 0, 2]], "mfcr_measures": [0.34782608695652173, 0.30434782608695654, 0.2608695652173913, 0.23913043478260868], "time_avg": 5267.0105702, "memory_avg": 112230.4, "acc_avg": 69.05454545454546}, "credit;20F;50B": {"time_measures": [5.7815026260000195, 5.623969190000025, 5.572122547000163, 5.65885199000013, 5.410244311000042, 5.308320403999915, 5.414418956999725, 5.5077442510000765, 5.540947117000087, 5.828228759000012, 5.5193721939999705, 5.589449313000387, 5.59164433099977, 5.458781974999965, 5.642541512000207, 5.461312673000066, 5.702678848000232, 5.486045955000009, 6.208365848000085, 5.684375889999956], "memory_measures": [8192, 20480, 32768, 40960, 49152, 57344, 98304, 110592, 118784, 126976, 143360, 151552, 172032, 180224, 192512, 200704, 217088, 102400, 241664, 245760], "acc_measures": [0.86, 0.78, 0.74, 0.58, 0.74, 0.66, 0.68, 0.74, 0.74, 0.68, 0.56, 0.6, 0.64, 0.78, 0.8, 0.68, 0.66, 0.64, 0.68, 0.9333333333333333],