{"credit;5F;50B": {"time_measures": [0.7449388630000016, 0.03881430000000563, 0.06631011700000045, 0.0946654370000033, 0.12366897999999793, 0.1515559950000025, 0.17676734900000213, 0.20282072700000242, 0.23142690599999582, 0.265007089000008, 0.30732313699999736, 0.33919254100000273, 0.5456831140000133, 0.391186205000011, 0.42868554899999367, 0.45130143500000486, 0.4705831549999999, 0.4591042879999918, 0.49381796400000155, 0.16633407300000158], "memory_measures": [299008, 299008, 364544, 430080, 475136, 561152, 651264, 716800, 815104, 913408, 1114112, 1310720, 1368064, 1441792, 1609728, 1679360, 1941504, 2375680, 2486272, 2486272], "acc_measures": [0.92, 0.96, 0.9, 1.0, 0.9, 0.94, 0.82, 0.94, 0.94, 0.86, 0.88, 0.96, 0.88, 0.9, 0.9, 0.9, 0.96, 1.0, 0.9, 0.9333333333333333], "features": [[21, 0, 12, 18, 16], [21, 0, 12, 18, 16], [21, 0, 12, 18, 16], [21, 0, 12, 18, 16], [21, 0, 12, 18, 16], [21, 0, 12, 18, 16], [21, 0, 12, 18, 16], [21, 0, 12, 18, 16], [21, 0, 12, 18, 16], [21, 0, 12, 18, 16], [21, 0, 12, 18, 16], [21, 0, 12, 18, 16], [21, 0, 12, 18, 16], [21, 0, 12, 18, 16], [21, 0, 12, 18, 16], [21, 0, 12, 18, 16], [21, 0, 12, 18, 16], [21, 0, 12, 18, 16], [21, 0, 12, 18, 16], [21, 0, 12, 18, 16]], "mfcr_measures": [0.0, 0.0, 0.0, 0.0, 0.0, 0.0, 0.0, 0.0, 0.0, 0.0, 0.0, 0.0, 0.0, 0.0, 0.0, 0.0, 0.0, 0.0, 0.0], "time_avg": 307.45936120000187, "memory_avg": 1166950.4, "acc_avg": 91.96666666666665}, "credit;5F;100B": {"time_measures": [0.8254600539999899, 0.17464635599999667, 0.28607566699999154, 0.4054137279999992, 0.5132703519999922, 0.5874115949999918, 0.7252644050000043, 0.8537182169999937, 0.9229563960000036, 0.6618910879999902], "memory_measures": [-270336, -270336, -270336, -270336, -270336, -241664, -12288, 253952, 331776, 360448], "acc_measures": [0.94, 0.95, 0.92, 0.92, 0.92, 0.93, 0.88, 0.93, 0.98, 0.9076923076923077], "features": [[17, 2, 6, 21, 0], [17, 2, 6, 21, 0], [17, 2, 6, 21, 0], [17, 2, 6, 21, 0], [17, 2, 6, 21, 0], [17, 2, 6, 21, 0], [17, 2, 6, 21, 0], [17, 2, 6, 21, 0], [17, 2, 6, 21, 0], [17, 2, 6, 21, 0]], "mfcr_measures": [0.0, 0.0, 0.0, 0.0, 0.0, 0.0, 0.0, 0.0, 0.0], "time_avg": 595.6107857999953, "memory_avg": -65945.6, "acc_avg": 92.77692307692308}, "credit;5F;200B": {"time_measures": [1.3527821219999936, 0.7429129699999919, 1.1460566260000036, 1.6130146600000046, 1.717553566999996], "memory_measures": [0, -118784, 0, 0, -4096], "acc_measures": [1.0, 1.0, 1.0, 1.0, 1.0], "features": [[21, 14, 19, 22, 8], [21, 14, 19, 22, 8], [21, 14, 19, 22, 8], [21, 14, 19, 22, 8], [21, 14, 19, 22, 8]], "mfcr_measures": [0.0, 0.0, 0.0, 0.0], "time_avg": 1314.4639889999978, "memory_avg": -24576.0, "acc_avg": 100.0}, "credit;10F;50B": {"time_measures": [0.6916353860000015, 0.03882560899999987, 0.06713569100000427, 0.10022340899999449, 0.12935238299999696, 0.15620614400000932, 0.18301364200000592, 0.2266518409999918, 0.29157143700000177, 0.27077736600000435, 0.27852675700000873, 0.29993769600000064, 0.3220518640000023, 0.346832954000007, 0.3833828369999992, 0.40926965999999254, 0.4268262089999979, 0.4603611550000011, 0.47552426000000025, 0.15987907400000267], "memory_measures": [0, 0, 0, 0, 0, 0, 0, 0, 0, 0, 0, 0, 0, 0, 0, 0, 0, 0, 0, 4096], "acc_measures": [0.92, 0.96, 0.9, 1.0, 0.9, 0.94, 0.9, 0.94, 0.96, 0.9, 0.9, 0.96, 0.9, 0.92, 0.92, 0.94, 0.96, 0.98, 0.92, 0.9333333333333333], "features": [[21, 0, 12, 18, 16, 3, 22, 4, 1, 7], [21, 0, 12, 18, 16, 3, 22, 4, 1, 7], [21, 0, 12, 18, 16, 3, 22, 4, 1, 7], [21, 0, 12, 18, 16, 3, 22, 4, 1, 7], [21, 0, 12, 18, 16, 3, 22, 4, 1, 7], [21, 0, 12, 18, 16, 3, 22, 4, 1, 7], [21, 0, 12, 18, 16, 3, 22, 4, 1, 7], [21, 0, 12, 18, 16, 3, 22, 4, 1, 7], [21, 0, 12, 18, 16, 3, 22, 4, 1, 7], [21, 0, 12, 18, 16, 3, 22, 4, 1, 7], [21, 0, 12, 18, 16, 3, 22, 4, 1, 7], [21, 0, 12, 18, 16, 3, 22, 4, 1, 7], [21, 0, 12, 18, 16, 3, 22, 4, 1, 7], [21, 0, 12, 18, 16, 3, 22, 4, 1, 7], [21, 0, 12, 18, 16, 3, 22, 4, 1, 7], [21, 0, 12, 18, 16, 3, 22, 4, 1, 7], [21, 0, 12, 18, 16, 3, 22, 4, 1, 7], [21, 0, 12, 18, 16, 3, 22, 4, 1, 7], [21, 0, 12, 18, 16, 3, 22, 4, 1, 7], [21, 0, 12, 18, 16, 3, 22, 4, 1, 7]], "mfcr_measures": [0.0, 0.0, 0.0, 0.0, 0.0, 0.0, 0.0, 0.0, 0.0, 0.0, 0.0, 0.0, 0.0, 0.0, 0.0, 0.0, 0.0, 0.0, 0.0], "time_avg": 285.89926870000113, "memory_avg": 204.8, "acc_avg": 93.26666666666668}, "credit;10F;100B": {"time_measures": [0.799224701, 0.1682499589999935, 0.2878671510000004, 0.4565633110000107, 0.49887319000001185, 0.5978597799999932, 0.7032078109999986, 0.9078991869999982, 0.9993718240000078, 0.6683034200000009], "memory_measures": [0, 0, 0, 0, 0, 0, 0, 0, 73728, 225280], "acc_measures": [0.94, 0.95, 0.92, 0.93, 0.94, 0.95, 0.91, 0.95, 0.99, 0.9230769230769231], "features": [[17, 2, 6, 21, 0, 18, 14, 10, 20, 22], [17, 2, 6, 21, 0, 18, 14, 10, 20, 22], [17, 2, 6, 21, 0, 18, 14, 10, 20, 22], [17, 2, 6, 21, 0, 18, 14, 10, 20, 22], [17, 2, 6, 21, 0, 18, 14, 10, 20, 22], [17, 2, 6, 21, 0, 18, 14, 10, 20, 22], [17, 2, 6, 21, 0, 18, 14, 10, 20, 22], [17, 2, 6, 21, 0, 18, 14, 10, 20, 22], [17, 2, 6, 21, 0, 18, 14, 10, 20, 22], [17, 2, 6, 21, 0, 18, 14, 10, 20, 22]], "mfcr_measures": [0.0, 0.0, 0.0, 0.0, 0.0, 0.0, 0.0, 0.0, 0.0], "time_avg": 608.7420334000016, "memory_avg": 29900.8, "acc_avg": 94.03076923076924}, "credit;10F;200B": {"time_measures": [1.3019697600000057, 0.6761191249999996, 1.130918710000003, 1.514760085000006, 1.5894770710000046], "memory_measures": [163840, 163840, 163840, 446464, 712704], "acc_measures": [0.945, 0.92, 0.935, 0.92, 0.9575757575757575], "features": [[21, 14, 19, 22, 8, 13, 16, 3, 0, 15], [21, 14, 19, 22, 8, 13, 16, 3, 0, 15], [21, 14, 19, 22, 8, 13, 16, 3, 0, 15], [21, 14, 19, 22, 8, 13, 16, 3, 0, 15], [21, 14, 19, 22, 8, 13, 16, 3, 0, 15]], "mfcr_measures": [0.0, 0.0, 0.0, 0.0], "time_avg": 1242.6489502000038, "memory_avg": 330137.6, "acc_avg": 93.55151515151515}, "credit;20F;50B": {"time_measures": [0.6972848599999963, 0.043479869999998755, 0.07165064400000176, 0.09965023600000222, 0.12610714800000267, 0.15460588800000608, 0.18192641400000298, 0.2114270499999975, 0.23907965499999762, 0.26755217899999195, 0.2947842869999988, 0.3218678329999989, 0.35872974699999816, 0.37640864200000124, 0.3995863910000139, 0.44123930599999994, 0.4546052719999949, 0.48224913800000024, 0.5061013279999997, 0.1608182539999916], "memory_measures": [0, 0, 0, 4096, 4096, 4096, 4096, 4096, 4096, 4096, 4096, 8192, 8192, 8192, 8192, 8192, 8192, 12288, 147456, 147456], "acc_measures": [0.92, 0.96, 0.9, 1.0, 0.9, 0.94, 0.9, 0.94, 0.96, 0.9, 0.9, 0.96, 0.9, 0.92, 0.92, 0.94, 0.96, 0.98, 0.92, 0.9333333333333333],