{"credit;5F;50B": {"time_measures": [0.7415820789999543, 0.041610762999880535, 0.07059271700018144, 0.09753489700005957, 0.11915968300013446, 0.1486125119999997, 0.17345066200005022, 0.19918378200009101, 0.2238702849999754, 0.24893616200006363, 0.2785159620000286, 0.30063989599989327, 0.34024738399989474, 0.36134937599990735, 0.42651520499998696, 0.5340998940000645, 0.48357591600006344, 0.5090319609998915, 0.5294795589998103, 0.16931610999995428], "memory_measures": [40960, 131072, 196608, 262144, 262144, 315392, 393216, 458752, 524288, 569344, 655360, 720896, 786432, 843776, 913408, 1081344, 1146880, 1314816, 1380352, 1417216], "acc_measures": [0.84, 0.76, 0.76, 0.66, 0.66, 0.68, 0.66, 0.68, 0.74, 0.58, 0.6, 0.56, 0.6, 0.7, 0.66, 0.68, 0.7, 0.64, 0.68, 0.8666666666666667], "features": [[4, 3, 15, 20, 18], [4, 3, 15, 20, 18], [4, 3, 15, 20, 18], [4, 3, 15, 20, 18], [4, 3, 15, 20, 18], [4, 3, 15, 20, 18], [4, 3, 15, 20, 18], [4, 3, 15, 20, 18], [4, 3, 15, 20, 18], [4, 3, 15, 20, 18], [4, 3, 15, 20, 18], [4, 3, 15, 20, 18], [4, 3, 15, 20, 18], [4, 3, 15, 20, 18], [4, 3, 15, 20, 18], [4, 3, 15, 20, 18], [4, 3, 15, 20, 18], [4, 3, 15, 20, 18], [4, 3, 15, 20, 18], [4, 3, 15, 20, 18]], "mfcr_measures": [0.0, 0.0, 0.0, 0.0, 0.0, 0.0, 0.0, 0.0, 0.0, 0.0, 0.0, 0.0, 0.0, 0.0, 0.0, 0.0, 0.0, 0.0, 0.0], "time_avg": 299.86524024999426, "memory_avg": 670720.0, "acc_avg": 68.53333333333333}, "credit;5F;100B": {"time_measures": [0.9927430739999181, 0.16947187000005215, 0.4622107280001728, 0.43888287499999024, 0.5077401389999068, 0.622801255000013, 0.7395166029998563, 0.8443382400000701, 0.9465572139999949, 0.6863221050000448], "memory_measures": [-16384, -118784, -118784, 4096, 4096, 90112, 90112, 311296, 311296, 311296], "acc_measures": [0.82, 0.67, 0.62, 0.66, 0.64, 0.61, 0.59, 0.7, 0.67, 0.7384615384615385], "features": [[16, 4, 1, 8, 5], [16, 4, 1, 8, 5], [16, 4, 1, 8, 5], [16, 4, 1, 8, 5], [16, 4, 1, 8, 5], [16, 4, 1, 8, 5], [16, 4, 1, 8, 5], [16, 4, 1, 8, 5], [16, 4, 1, 8, 5], [16, 4, 1, 8, 5]], "mfcr_measures": [0.0, 0.0, 0.0, 0.0, 0.0, 0.0, 0.0, 0.0, 0.0], "time_avg": 641.0584103000019, "memory_avg": 86835.2, "acc_avg": 67.18461538461538}, "credit;5F;200B": {"time_measures": [1.3172773129999769, 0.6670290759998352, 1.0859151780000502, 1.7720208659998207, 1.809347488000185], "memory_measures": [0, 0, 0, -8192, -23928832], "acc_measures": [0.81, 0.71, 0.62, 0.685, 0.6787878787878788], "features": [[6, 4, 1, 9, 0], [6, 4, 1, 9, 0], [6, 4, 1, 9, 0], [6, 4, 1, 9, 0], [6, 4, 1, 9, 0]], "mfcr_measures": [0.0, 0.0, 0.0, 0.0], "time_avg": 1330.3179841999736, "memory_avg": -4787404.8, "acc_avg": 70.07575757575758}, "credit;10F;50B": {"time_measures": [0.749710843999992, 0.045893877000025896, 0.06661649400007263, 0.09076478099996166, 0.13991314500003682, 0.15795342100000198, 0.20039027100006024, 0.2768936019999728, 0.26387513800000306, 0.2745998850000433, 0.31287339699997574, 0.344328472999905, 0.3846983060000184, 0.42569117400012146, 0.4512330649999967, 0.4593037419999746, 0.4606104720000985, 0.483599563000098, 0.5031275159999495, 0.1568924099999549], "memory_measures": [0, 0, 0, 0, -16384, -16384, -16384, -16384, -16384, -16384, -16384, -16384, -28672, -151552, -151552, 233472, 233472, 233472, 233472, 233472], "acc_measures": [0.84, 0.76, 0.76, 0.66, 0.66, 0.68, 0.66, 0.68, 0.74, 0.58, 0.6, 0.56, 0.6, 0.7, 0.68, 0.68, 0.7, 0.64, 0.68, 0.8666666666666667], "features": [[4, 3, 15, 20, 18, 22, 10, 5, 1, 12], [4, 3, 15, 20, 18, 22, 10, 5, 1, 12], [4, 3, 15, 20, 18, 22, 10, 5, 1, 12], [4, 3, 15, 20, 18, 22, 10, 5, 1, 12], [4, 3, 15, 20, 18, 22, 10, 5, 1, 12], [4, 3, 15, 20, 18, 22, 10, 5, 1, 12], [4, 3, 15, 20, 18, 22, 10, 5, 1, 12], [4, 3, 15, 20, 18, 22, 10, 5, 1, 12], [4, 3, 15, 20, 18, 22, 10, 5, 1, 12], [4, 3, 15, 20, 18, 22, 10, 5, 1, 12], [4, 3, 15, 20, 18, 22, 10, 5, 1, 12], [4, 3, 15, 20, 18, 22, 10, 5, 1, 12], [4, 3, 15, 20, 18, 22, 10, 5, 1, 12], [4, 3, 15, 20, 18, 22, 10, 5, 1, 12], [4, 3, 15, 20, 18, 22, 10, 5, 1, 12], [4, 3, 15, 20, 18, 22, 10, 5, 1, 12], [4, 3, 15, 20, 18, 22, 10, 5, 1, 12], [4, 3, 15, 20, 18, 22, 10, 5, 1, 12], [4, 3, 15, 20, 18, 22, 10, 5, 1, 12], [4, 3, 15, 20, 18, 22, 10, 5, 1, 12]], "mfcr_measures": [0.0, 0.0, 0.0, 0.0, 0.0, 0.0, 0.0, 0.0, 0.0, 0.0, 0.0, 0.0, 0.0, 0.0, 0.0, 0.0, 0.0, 0.0, 0.0], "time_avg": 312.44847880001316, "memory_avg": 35225.6, "acc_avg": 68.63333333333334}, "credit;10F;100B": {"time_measures": [0.8426290049999352, 0.15653359800012367, 0.26182148499992763, 0.36325600900022437, 0.4667462429999887, 0.5760082940000757, 0.6749388529999578, 0.8243538060000901, 0.9463012139999591, 0.669722727999897], "memory_measures": [0, 0, 0, 0, 0, 0, 0, 0, 0, 0], "acc_measures": [0.83, 0.71, 0.65, 0.67, 0.67, 0.58, 0.68, 0.66, 0.67, 0.7230769230769231], "features": [[16, 4, 1, 8, 5, 6, 17, 3, 11, 12], [16, 4, 1, 8, 5, 6, 17, 3, 11, 12], [16, 4, 1, 8, 5, 6, 17, 3, 11, 12], [16, 4, 1, 8, 5, 6, 17, 3, 11, 12], [16, 4, 1, 8, 5, 6, 17, 3, 11, 12], [16, 4, 1, 8, 5, 6, 17, 3, 11, 12], [16, 4, 1, 8, 5, 6, 17, 3, 11, 12], [16, 4, 1, 8, 5, 6, 17, 3, 11, 12], [16, 4, 1, 8, 5, 6, 17, 3, 11, 12], [16, 4, 1, 8, 5, 6, 17, 3, 11, 12]], "mfcr_measures": [0.0, 0.0, 0.0, 0.0, 0.0, 0.0, 0.0, 0.0, 0.0], "time_avg": 578.2311235000179, "memory_avg": 0.0, "acc_avg": 68.43076923076923}, "credit;10F;200B": {"time_measures": [1.3139117900000201, 0.6764121370001703, 1.1030795029998899, 1.5186422350000157, 1.5317748190000202], "memory_measures": [4096, 4096, 4096, 4096, 4096], "acc_measures": [0.81, 0.715, 0.605, 0.71, 0.6606060606060606], "features": [[6, 4, 1, 9, 0, 12, 11, 8, 2, 17], [6, 4, 1, 9, 0, 12, 11, 8, 2, 17], [6, 4, 1, 9, 0, 12, 11, 8, 2, 17], [6, 4, 1, 9, 0, 12, 11, 8, 2, 17], [6, 4, 1, 9, 0, 12, 11, 8, 2, 17]], "mfcr_measures": [0.0, 0.0, 0.0, 0.0], "time_avg": 1228.7640968000233, "memory_avg": 4096.0, "acc_avg": 70.01212121212122}, "credit;20F;50B": {"time_measures": [0.7320072740001251, 0.04268514000000323, 0.07100961500009362, 0.09801245500011646, 0.14196422700001676, 0.16011810899999546, 0.1946158830000968, 0.2256807899998421, 0.2461540919998697, 0.2676025559999289, 0.29318043200009924, 0.3285700920000636, 0.35172470899988184, 0.35705803799987734, 0.44742956699997194, 0.5164991359999931, 0.4684616469999128, 0.5003413330000512, 0.5335364880002089, 0.16356485300002532], "memory_measures": [0, 0, 0, 0, -40960, -122880, -122880, -57344, 0, 0, 0, 0, 0, 0, -8192, -8192, -8192, -8192, -8192, -8192], "acc_measures": [0.84, 0.76, 0.76, 0.66, 0.66, 0.68, 0.66, 0.68, 0.74, 0.58, 0.6, 0.56, 0.6, 0.7, 0.68, 0.68, 0.7, 0.64, 0.68, 0.8666666666666667],