{"credit;5F;50B": {"time_measures": [0.0026216839996777708, 0.0026329939996685425, 0.002366198999879998, 0.0022279180002442445, 0.0017328830003862095, 0.0019020059999093064, 0.001982713999950647, 0.0016244170001300517, 0.0019842550000248593, 0.001622360000055778, 0.0023081099998307764, 0.0019991629997093696, 0.0021204800000305113, 0.0010260560002279817, 0.002287034000346466, 0.0016249309996965167, 0.0018346659999224357, 0.0024834040000314417, 0.0017606410001462791, 0.00025394400017830776], "memory_measures": [0, 0, 0, 0, 0, 0, 0, 0, 0, 0, 0, 0, 0, 0, 0, 0, 0, 0, 0, 0], "acc_measures": [0.84, 0.76, 0.76, 0.66, 0.66, 0.68, 0.64, 0.7, 0.72, 0.6, 0.58, 0.58, 0.62, 0.66, 0.7, 0.68, 0.68, 0.6, 0.62, 0.7333333333333333], "features": [[3, 0, 4, 2, 5], [3, 4, 0, 2, 10], [3, 0, 4, 2, 19], [3, 0, 4, 16, 5], [3, 0, 4, 2, 5], [3, 0, 4, 2, 21], [3, 0, 4, 2, 9], [3, 0, 4, 5, 11], [3, 0, 4, 1, 16], [3, 4, 0, 2, 6], [3, 0, 4, 2, 20], [3, 0, 4, 16, 5], [3, 0, 4, 2, 8], [3, 4, 0, 2, 16], [3, 0, 4, 2, 16], [3, 0, 4, 2, 7], [3, 0, 4, 2, 16], [3, 0, 4, 2, 16], [3, 0, 4, 20, 5], [3, 4, 0, 2, 21]], "mfcr_measures": [0.08695652173913043, 0.08695652173913043, 0.11594202898550725, 0.10869565217391304, 0.10434782608695652, 0.10144927536231883, 0.11180124223602483, 0.11956521739130434, 0.1256038647342995, 0.12173913043478259, 0.12648221343873517, 0.13043478260869565, 0.12709030100334448, 0.11801242236024845, 0.11594202898550725, 0.11413043478260869, 0.10741687979539641, 0.1111111111111111, 0.11441647597254004], "time_avg": 1.9197929500023747, "memory_avg": 0.0, "acc_avg": 67.36666666666665}, "credit;5F;100B": {"time_measures": [0.003693490999921778, 0.0044584070001292275, 0.003202568000233441, 0.003430808999837609, 0.0035624070001176733, 0.004294937000395294, 0.0031501339999522315, 0.003823032999662246, 0.0034559979999357893, 0.0019102310002381273], "memory_measures": [0, 0, 0, 0, 0, 0, 0, 0, 0, 0], "acc_measures": [0.83, 0.71, 0.65, 0.67, 0.67, 0.57, 0.65, 0.69, 0.62, 0.6461538461538462], "features": [[3, 4, 0, 2, 10], [3, 0, 4, 16, 5], [3, 0, 4, 2, 21], [3, 0, 4, 5, 11], [3, 4, 0, 2, 6], [3, 0, 4, 16, 5], [3, 4, 0, 2, 16], [3, 0, 4, 2, 7], [3, 0, 4, 2, 16], [3, 4, 0, 2, 21]], "mfcr_measures": [0.17391304347826086, 0.17391304347826086, 0.17391304347826086, 0.17391304347826086, 0.17391304347826086, 0.15942028985507248, 0.14906832298136646, 0.14130434782608695, 0.13526570048309178], "time_avg": 3.4982015000423416, "memory_avg": 0.0, "acc_avg": 67.06153846153848}, "credit;5F;200B": {"time_measures": [0.008200733000194305, 0.008312796999689454, 0.007904636000148457, 0.006914049999977578, 0.005233089000284963], "memory_measures": [0, 0, 0, 0, 0], "acc_measures": [0.775, 0.675, 0.63, 0.67, 0.6424242424242425], "features": [[3, 0, 4, 16, 5], [3, 0, 4, 5, 11], [3, 0, 4, 16, 5], [3, 0, 4, 2, 7], [3, 4, 0, 2, 21]], "mfcr_measures": [0.08695652173913043, 0.08695652173913043, 0.11594202898550725, 0.10869565217391304], "time_avg": 7.313061000058951, "memory_avg": 0.0, "acc_avg": 67.84848484848484}, "credit;10F;50B": {"time_measures": [0.0014943599999241997, 0.001709749999918131, 0.0018069070001729415, 0.0020567369997479545, 0.0014686579997942317, 0.0016388099998039252, 0.0016511479998371215, 0.0013535089997276373, 0.0019169139995938167, 0.001430616999641643, 0.0023086250002961606, 0.0017472759996053355, 0.0019606089999797405, 0.001020914999571687, 0.0018459740003891056, 0.0015313720000449393, 0.001632127999982913, 0.0017565279999871564, 0.0014815089998592157, 0.0002369800004089484], "memory_measures": [0, 0, 0, 0, 0, 0, 0, 0, 0, 0, 0, 0, 0, 0, 0, 0, 0, 0, 0, 0], "acc_measures": [0.84, 0.76, 0.76, 0.66, 0.66, 0.68, 0.64, 0.7, 0.72, 0.6, 0.58, 0.58, 0.62, 0.66, 0.7, 0.68, 0.68, 0.6, 0.62, 0.7333333333333333], "features": [[3, 0, 4, 2, 5, 16, 20, 1, 11, 6], [3, 4, 0, 2, 10, 7, 22, 16, 1, 20], [3, 0, 4, 2, 5, 19, 14, 20, 7, 10], [3, 0, 4, 5, 11, 20, 16, 2, 7, 9], [3, 0, 4, 2, 19, 5, 1, 11, 20, 16], [3, 0, 4, 16, 7, 21, 11, 2, 8, 19], [3, 0, 4, 2, 9, 6, 21, 16, 1, 7], [3, 0, 4, 5, 16, 20, 11, 2, 1, 7], [3, 0, 4, 7, 8, 20, 16, 1, 2, 5], [3, 4, 0, 2, 6, 20, 16, 11, 5, 8], [3, 0, 4, 2, 8, 18, 5, 20, 11, 16], [3, 0, 4, 11, 16, 20, 5, 2, 10, 1], [3, 0, 4, 2, 5, 8, 22, 16, 11, 7], [3, 4, 0, 2, 16, 7, 11, 20, 1, 21], [3, 0, 4, 2, 5, 11, 16, 20, 1, 7], [3, 0, 4, 2, 7, 1, 20, 16, 11, 5], [3, 0, 4, 2, 16, 6, 11, 20, 17, 1], [3, 0, 4, 2, 20, 11, 5, 16, 1, 21], [3, 0, 4, 10, 5, 16, 20, 2, 11, 1], [3, 4, 0, 2, 5, 21, 11, 19, 8, 6]], "mfcr_measures": [0.2608695652173913, 0.2608695652173913, 0.2608695652173913, 0.23913043478260868, 0.2434782608695652, 0.24637681159420288, 0.24844720496894407, 0.22826086956521735, 0.22222222222222218, 0.208695652173913, 0.20553359683794462, 0.21014492753623182, 0.21404682274247483, 0.20496894409937882, 0.1913043478260869, 0.19021739130434778, 0.18925831202046034, 0.18357487922705312, 0.19221967963386724], "time_avg": 1.6024662999143402, "memory_avg": 0.0, "acc_avg": 67.36666666666665}, "credit;10F;100B": {"time_measures": [0.0033732339998095995, 0.0038292019999062177, 0.0030303589996947267, 0.002949652000097558, 0.003348045999700844, 0.0038893470000402885, 0.0030123669998829428, 0.003259113999774854, 0.003216961999896739, 0.001632641999549378], "memory_measures": [0, 0, 0, 0, 0, 0, 0, 0, 0, 0], "acc_measures": [0.83, 0.71, 0.65, 0.67, 0.67, 0.57, 0.65, 0.69, 0.62, 0.6461538461538462], "features": [[3, 4, 0, 2, 10, 7, 22, 16, 1, 20], [3, 0, 4, 5, 11, 20, 16, 2, 7, 9], [3, 0, 4, 16, 7, 21, 11, 2, 8, 19], [3, 0, 4, 5, 16, 20, 11, 2, 1, 7], [3, 4, 0, 2, 6, 20, 16, 11, 5, 8], [3, 0, 4, 11, 16, 20, 5, 2, 10, 1], [3, 4, 0, 2, 16, 7, 11, 20, 1, 21], [3, 0, 4, 2, 7, 1, 20, 16, 11, 5], [3, 0, 4, 2, 20, 11, 5, 16, 1, 21], [3, 4, 0, 2, 5, 21, 11, 19, 8, 6]], "mfcr_measures": [0.2608695652173913, 0.2608695652173913, 0.2608695652173913, 0.23913043478260868, 0.2260869565217391, 0.21739130434782605, 0.19875776397515524, 0.18478260869565213, 0.19323671497584535], "time_avg": 3.154092499835315, "memory_avg": 0.0, "acc_avg": 67.06153846153848}, "credit;10F;200B": {"time_measures": [0.007866595999985293, 0.005934259999776259, 0.007053874000121141, 0.006983449000017572, 0.0049066629999288125], "memory_measures": [0, 0, 0, 0, 0], "acc_measures": [0.775, 0.675, 0.63, 0.67, 0.6424242424242425], "features": [[3, 0, 4, 5, 11, 20, 16, 2, 7, 9], [3, 0, 4, 5, 16, 20, 11, 2, 1, 7], [3, 0, 4, 11, 16, 20, 5, 2, 10, 1], [3, 0, 4, 2, 7, 1, 20, 16, 11, 5], [3, 4, 0, 2, 5, 21, 11, 19, 8, 6]], "mfcr_measures": [0.08695652173913043, 0.08695652173913043, 0.08695652173913043, 0.15217391304347827], "time_avg": 6.5489683999658155, "memory_avg": 0.0, "acc_avg": 67.84848484848484}, "credit;20F;50B": {"time_measures": [0.0005700880001313635, 0.0005078870003671909, 0.0005233090000729135, 0.0007160790000853012, 0.0004590520002238918, 0.00040559000035500503, 0.0005073730003459787, 0.0005371890001697466, 0.0008517900000697409, 0.0007351000003836816, 0.0006795809999857738, 0.0008682409998073126, 0.0009031959998537786, 0.0003608669999266567, 0.0008302000001094711, 0.00045339700000113226, 0.0005870519999007229, 0.0004929799997626105, 0.0004862969999521738, 0.0001387950001117133], "memory_measures": [0, 0, 0, 0, 0, 0, 0, 0, 0, 0, 0, 0, 0, 0, 0, 0, 0, 0, 4096, 4096], "acc_measures": [0.84, 0.76, 0.76, 0.66, 0.66, 0.68, 0.64, 0.7, 0.72, 0.6, 0.58, 0.58, 0.62, 0.66, 0.7, 0.68, 0.68, 0.6, 0.62, 0.7333333333333333],