{"Credit;5F;50B": {"time_measures": [0.0030154509999995582, 0.0006528509999981225, 0.0008116939999993633, 0.0001758070000015266, 0.0009736220000000628, 0.0006610760000000937, 0.0008821199999999862, 0.000573171999999289, 0.0005012040000025308, 0.0009468900000015879, 0.0007957589999989523, 0.0005017180000024268, 0.0009386659999996994, 0.0009494609999975978, 0.0006487389999989546, 0.0004986340000030509, 0.0005006899999990821, 0.00017734900000121456, 0.0014475810000007527, 0.00035932499999802303], "memory_measures": [77824, 290816, 294912, 294912, 299008, 368640, 376832, 380928, 401408, 401408, 405504, 421888, 421888, 438272, 442368, 544768, 573440, 573440, 585728, 614400], "acc_measures": [0.92, 0.96, 0.9, 1.0, 0.9, 0.94, 0.9, 0.94, 0.96, 0.9, 0.9, 0.96, 0.9, 0.92, 0.92, 0.94, 0.96, 0.98, 0.92, 0.9333333333333333], "features": [[3, 0, 4, 2, 9], [3, 0, 4, 2, 12], [3, 0, 4, 2, 12], [3, 0, 4, 2, 12], [3, 4, 0, 2, 12], [3, 0, 4, 2, 6], [3, 0, 4, 2, 17], [3, 4, 0, 2, 9], [3, 0, 4, 2, 15], [3, 0, 4, 2, 9], [3, 0, 4, 2, 13], [3, 0, 4, 2, 9], [3, 0, 4, 20, 13], [3, 0, 4, 2, 10], [3, 4, 0, 2, 8], [3, 0, 4, 2, 21], [3, 0, 4, 2, 20], [3, 0, 4, 2, 20], [3, 4, 0, 2, 17], [3, 0, 4, 2, 9]], "mfcr_measures": [0.08695652173913043, 0.043478260869565216, 0.028985507246376812, 0.021739130434782608, 0.034782608695652174, 0.043478260869565216, 0.049689440993788817, 0.05434782608695652, 0.057971014492753624, 0.0608695652173913, 0.06324110671936758, 0.07246376811594203, 0.08026755852842811, 0.08074534161490685, 0.08115942028985508, 0.08152173913043478, 0.07672634271099744, 0.07729468599033816, 0.07780320366132723], "time_avg": 0.8005904500000938, "memory_avg": 410419.2, "acc_avg": 93.26666666666668}, "Credit;5F;100B": {"time_measures": [0.0016542309999998395, 0.0010286250000000052, 0.0016151640000003908, 0.0015138939999985723, 0.0014054280000017627, 0.001260464000001349, 0.0018449460000020679, 0.0010990510000006282, 0.000658505000000531, 0.0010065220000008424], "memory_measures": [0, 0, 0, 0, 0, 12288, 12288, 16384, 20480, 32768], "acc_measures": [0.94, 0.95, 0.92, 0.92, 0.93, 0.93, 0.91, 0.93, 0.97, 0.9230769230769231], "features": [[3, 0, 4, 2, 12], [3, 0, 4, 2, 12], [3, 0, 4, 2, 6], [3, 4, 0, 2, 9], [3, 0, 4, 2, 9], [3, 0, 4, 2, 9], [3, 0, 4, 2, 10], [3, 0, 4, 2, 21], [3, 0, 4, 2, 20], [3, 0, 4, 2, 9]], "mfcr_measures": [0.0, 0.043478260869565216, 0.057971014492753624, 0.043478260869565216, 0.034782608695652174, 0.043478260869565216, 0.049689440993788817, 0.05434782608695652, 0.057971014492753624], "time_avg": 1.308683000000599, "memory_avg": 9420.8, "acc_avg": 93.23076923076924}, "Credit;5F;200B": {"time_measures": [0.002583131000001515, 0.0028843670000000543, 0.002636077999998321, 0.0029239499999995644, 0.0016475490000011916], "memory_measures": [0, 0, 0, 0, 0], "acc_measures": [0.945, 0.92, 0.935, 0.925, 0.9515151515151515], "features": [[3, 0, 4, 2, 12], [3, 4, 0, 2, 9], [3, 0, 4, 2, 9], [3, 0, 4, 2, 21], [3, 0, 4, 2, 9]], "mfcr_measures": [0.08695652173913043, 0.043478260869565216, 0.057971014492753624, 0.06521739130434782], "time_avg": 2.5350150000001292, "memory_avg": 0.0, "acc_avg": 93.53030303030302}, "Credit;10F;50B": {"time_measures": [0.0008373970000015163, 0.0005479830000005848, 0.0007746819999994159, 0.00036138200000124243, 0.001001380999998247, 0.0006029870000006099, 0.0007993570000017769, 0.0006137820000020611, 0.0005351329999996324, 0.000982875000001826, 0.0007926739999994936, 0.0005166259999995759, 0.000941236999999262, 0.0009196459999998297, 0.000641542000000328, 0.0004981199999996022, 0.00043489100000115855, 0.0001788909999973498, 0.0006739269999975761, 0.00025188800000108813], "memory_measures": [4096, 4096, 4096, 4096, 4096, 4096, 4096, 4096, 4096, 4096, 4096, 4096, 4096, 4096, 4096, 4096, 4096, 4096, 65536, 139264], "acc_measures": [0.92, 0.96, 0.9, 1.0, 0.9, 0.94, 0.9, 0.94, 0.96, 0.9, 0.9, 0.96, 0.9, 0.92, 0.92, 0.94, 0.96, 0.98, 0.92, 0.9333333333333333], "features": [[3, 0, 4, 2, 22, 9, 17, 6, 5, 1], [3, 0, 4, 2, 12, 6, 22, 19, 17, 8], [3, 0, 4, 2, 22, 1, 19, 12, 8, 9], [3, 0, 4, 2, 22, 1, 19, 12, 8, 9], [3, 4, 0, 2, 5, 12, 22, 1, 17, 6], [3, 0, 4, 2, 21, 6, 17, 12, 5, 13], [3, 0, 4, 2, 17, 6, 9, 1, 21, 12], [3, 4, 0, 2, 9, 1, 22, 17, 6, 12], [3, 0, 4, 2, 15, 5, 22, 19, 6, 1], [3, 0, 4, 2, 22, 9, 17, 8, 13, 5], [3, 0, 4, 2, 13, 22, 17, 6, 1, 9], [3, 0, 4, 2, 9, 19, 6, 21, 1, 7], [3, 0, 4, 21, 20, 13, 6, 2, 9, 17], [3, 0, 4, 2, 22, 8, 1, 19, 10, 5], [3, 4, 0, 2, 21, 17, 1, 5, 8, 12], [3, 0, 4, 2, 21, 5, 11, 6, 17, 9], [3, 0, 4, 2, 21, 20, 13, 6, 17, 12], [3, 0, 4, 2, 21, 20, 13, 6, 17, 12], [3, 4, 0, 2, 17, 5, 21, 6, 12, 20], [3, 0, 4, 2, 21, 9, 20, 1, 6, 13]], "mfcr_measures": [0.2608695652173913, 0.21739130434782608, 0.14492753623188406, 0.17391304347826086, 0.17391304347826086, 0.17391304347826086, 0.16149068322981366, 0.17391304347826086, 0.1932367149758454, 0.19130434782608696, 0.1976284584980237, 0.2028985507246377, 0.2274247491638796, 0.2298136645962733, 0.2318840579710145, 0.23369565217391303, 0.21994884910485932, 0.21256038647342992, 0.2151029748283753], "time_avg": 0.6453200500001088, "memory_avg": 13926.4, "acc_avg": 93.26666666666668}, "Credit;10F;100B": {"time_measures": [0.0013293479999987312, 0.0008924010000015414, 0.001413654000000264, 0.0012805130000010934, 0.0014095410000010133, 0.0012496699999999805, 0.0017637249999999938, 0.0011946659999999554, 0.0006009320000011087, 0.0008651559999997005], "memory_measures": [0, 0, 0, 0, 0, 0, 0, 0, 0, 0], "acc_measures": [0.94, 0.95, 0.92, 0.92, 0.93, 0.93, 0.91, 0.93, 0.97, 0.9230769230769231], "features": [[3, 0, 4, 2, 12, 6, 22, 19, 17, 8], [3, 0, 4, 2, 22, 1, 19, 12, 8, 9], [3, 0, 4, 2, 21, 6, 17, 12, 5, 13], [3, 4, 0, 2, 9, 1, 22, 17, 6, 12], [3, 0, 4, 2, 22, 9, 17, 8, 13, 5], [3, 0, 4, 2, 9, 19, 6, 21, 1, 7], [3, 0, 4, 2, 22, 8, 1, 19, 10, 5], [3, 0, 4, 2, 21, 5, 11, 6, 17, 9], [3, 0, 4, 2, 21, 20, 13, 6, 17, 12], [3, 0, 4, 2, 21, 9, 20, 1, 6, 13]], "mfcr_measures": [0.17391304347826086, 0.30434782608695654, 0.2898550724637681, 0.28260869565217395, 0.3130434782608696, 0.3188405797101449, 0.3354037267080745, 0.3260869565217391, 0.3091787439613526], "time_avg": 1.1999606000003382, "memory_avg": 0.0, "acc_avg": 93.23076923076924}, "Credit;10F;200B": {"time_measures": [0.0024597580000005337, 0.0026658929999996417, 0.0026160310000022946, 0.002872029999998915, 0.0014378149999991763], "memory_measures": [0, 0, 0, 0, 0], "acc_measures": [0.945, 0.92, 0.935, 0.925, 0.9515151515151515], "features": [[3, 0, 4, 2, 22, 1, 19, 12, 8, 9], [3, 4, 0, 2, 9, 1, 22, 17, 6, 12], [3, 0, 4, 2, 9, 19, 6, 21, 1, 7], [3, 0, 4, 2, 21, 5, 11, 6, 17, 9], [3, 0, 4, 2, 21, 9, 20, 1, 6, 13]], "mfcr_measures": [0.17391304347826086, 0.21739130434782608, 0.2318840579710145, 0.2391304347826087], "time_avg": 2.4103054000001123, "memory_avg": 0.0, "acc_avg": 93.53030303030302}, "Credit;20F;50B": {"time_measures": [0.0006723850000014409, 0.0005603209999982539, 0.0002765619999998137, 0.00017734900000121456, 0.00034081900000160203, 0.0002842729999983362, 0.0003192290000022524, 0.0002631969999988826, 0.00030226499999841394, 0.000299694999998934, 0.00035829700000178377, 0.00037269000000250685, 0.0005515819999999394, 0.0004857830000020158, 0.00028324500000209696, 0.0002539440000006721, 0.0002529160000008801, 0.0001799190000006945, 0.0003248839999976383, 9.818500000235986e-05], "memory_measures": [0, 0, 0, 0, 0, 0, 0, 0, 0, 0, 0, 8192, 180224, 262144, 307200, 323584, 331776, 540672, 532480, 532480], "acc_measures": [0.92, 0.96, 0.9, 1.0, 0.9, 0.94, 0.9, 0.94, 0.96, 0.9, 0.9, 0.96, 0.9, 0.92, 0.92, 0.94, 0.96, 0.98, 0.92, 0.9333333333333333],